epoch,steps,cosine_pearson,cosine_spearman
1.0,232,0.5994443526647207,0.6080539106928058
2.0,464,0.6640180841953817,0.6697163635270289
3.0,696,0.691753618098123,0.704748666013613
